{
    "WDC": {
        "return_rate": -0.00835889197280834
    },
    "ESS": {
        "return_rate": -0.011750635038550958
    },
    "GOOGL": {
        "return_rate": 0.014207920524795508
    },
    "DIS": {
        "return_rate": 0.0069166944002671685
    },
    "GPC": {
        "return_rate": 0.0018668357500708013
    },
    "PYPL": {
        "return_rate": 0.00414729371736754
    },
    "LKQ": {
        "return_rate": -0.009599249182723592
    },
    "GIS": {
        "return_rate": 0.0061266025093362686
    },
    "HSY": {
        "return_rate": -0.008521634098564835
    },
    "MTCH": {
        "return_rate": -0.002365312861826048
    },
    "CAG": {
        "return_rate": -0.004138423258738681
    },
    "ILMN": {
        "return_rate": -0.014920192517620693
    },
    "APTV": {
        "return_rate": 0.008484173499901873
    },
    "CTLT": {
        "return_rate": 0.02678005702615631
    },
    "CVX": {
        "return_rate": -0.00040221975155982907
    },
    "HAS": {
        "return_rate": -0.008762703241950186
    },
    "OXY": {
        "return_rate": 0.006407860066589029
    },
    "EL": {
        "return_rate": -0.016321231532406156
    },
    "APA": {
        "return_rate": 0.0035353497098748934
    },
    "DVN": {
        "return_rate": -0.0052356543071982765
    },
    "NEM": {
        "return_rate": -0.03051439701504818
    },
    "HUBB": {
        "return_rate": -0.00858684482948293
    },
    "FOX": {
        "return_rate": -0.012855152428292478
    },
    "DGX": {
        "return_rate": 0.02003557126747638
    },
    "CTRA": {
        "return_rate": 0.0053740188864189195
    },
    "EW": {
        "return_rate": 0.010161860679494955
    },
    "CVS": {
        "return_rate": 0.021790377037431988
    },
    "CTAS": {
        "return_rate": 0.006036683937433223
    },
    "EIX": {
        "return_rate": 0.0047597334700931184
    },
    "SBAC": {
        "return_rate": -0.00368665125321157
    },
    "PARA": {
        "return_rate": -0.007254359560611635
    },
    "GM": {
        "return_rate": -0.002003434869540587
    },
    "IEX": {
        "return_rate": 0.010494599390583692
    },
    "CTVA": {
        "return_rate": 0.006761828389056221
    },
    "EMR": {
        "return_rate": 0.003982143223185209
    },
    "PEP": {
        "return_rate": 0.0041617792793076655
    },
    "HST": {
        "return_rate": 0.009530805879196861
    },
    "FRT": {
        "return_rate": 0.003376035350533032
    },
    "BLK": {
        "return_rate": -0.010890264155541838
    },
    "ZBH": {
        "return_rate": -0.02137462413115998
    },
    "V": {
        "return_rate": 0.0006478944178602071
    },
    "HAL": {
        "return_rate": 0.03333329202911587
    },
    "DVA": {
        "return_rate": 0.01298260097894917
    },
    "EQT": {
        "return_rate": 0.010718795174272305
    },
    "LHX": {
        "return_rate": 0.0033130768590186317
    },
    "BIIB": {
        "return_rate": -0.01911799487698212
    },
    "ADM": {
        "return_rate": 0.005022372372746052
    },
    "HPQ": {
        "return_rate": -0.008172844688128358
    },
    "MRNA": {
        "return_rate": -0.025295484807847376
    },
    "UNP": {
        "return_rate": -0.01662062568108337
    },
    "AEE": {
        "return_rate": 0.006917927466006755
    },
    "MOH": {
        "return_rate": 0.009781720285162844
    },
    "APD": {
        "return_rate": 0.005822496805149725
    },
    "CHD": {
        "return_rate": 0.001598010780288455
    },
    "FLT.V": {
        "return_rate": -0.015243111771379929
    },
    "AWK": {
        "return_rate": 0.008804254154256518
    },
    "NEE": {
        "return_rate": 0.002346543088578519
    },
    "PFE": {
        "return_rate": 0.000742964249479109
    },
    "NDSN": {
        "return_rate": -0.005778871332464904
    },
    "PANW": {
        "return_rate": 8.34730818059473e-05
    },
    "CHRW": {
        "return_rate": -0.008844551433361627
    },
    "GILD": {
        "return_rate": 0.0020475422377402843
    },
    "GE": {
        "return_rate": 0.0027094603428111075
    },
    "MO": {
        "return_rate": 0.003584966766128533
    },
    "MPC": {
        "return_rate": 0.004818948126196781
    },
    "FOXA": {
        "return_rate": -0.015404762695136735
    },
    "PAYC": {
        "return_rate": -0.005477122319711983
    },
    "KEY": {
        "return_rate": -0.008558176988126207
    },
    "AES": {
        "return_rate": 0.011550056743960922
    },
    "NFLX": {
        "return_rate": -0.024966564715075502
    },
    "QRVO": {
        "return_rate": 0.002007010122129565
    },
    "BMY": {
        "return_rate": 0.01840374755311332
    },
    "PG": {
        "return_rate": -0.01029276203296603
    },
    "IBM": {
        "return_rate": 0.010694580276417056
    },
    "NI": {
        "return_rate": -0.00581814993895459
    },
    "KEYS": {
        "return_rate": 0.01534959746570122
    },
    "XRAY": {
        "return_rate": 0.002197743520613119
    },
    "VTR": {
        "return_rate": -0.012271331237531465
    },
    "HUM": {
        "return_rate": 0.006427373941622845
    },
    "MPWR": {
        "return_rate": 0.007623050489529785
    },
    "DG": {
        "return_rate": 0.0032067631308524028
    },
    "PAYX": {
        "return_rate": 0.019918334118582192
    },
    "MMC": {
        "return_rate": 0.0002447770318024897
    }
}