{
    "WDC": {
        "return_rate": 0.027830811971992987
    },
    "ESS": {
        "return_rate": -0.0034755499134861956
    },
    "GOOGL": {
        "return_rate": 0.034707016170396565
    },
    "DIS": {
        "return_rate": 0.01001396127707019
    },
    "GPC": {
        "return_rate": -0.005319807208189972
    },
    "PYPL": {
        "return_rate": -0.00793828485361187
    },
    "LKQ": {
        "return_rate": -0.00855592789006931
    },
    "GIS": {
        "return_rate": 0.001576870636728938
    },
    "HSY": {
        "return_rate": 0.00152962346199807
    },
    "MTCH": {
        "return_rate": 0.008672847244981467
    },
    "CAG": {
        "return_rate": 0.005036304355927071
    },
    "ILMN": {
        "return_rate": 0.02773887828148917
    },
    "APTV": {
        "return_rate": -0.013692761460614152
    },
    "VFC": {
        "return_rate": -0.032642526429901716
    },
    "CTLT": {
        "return_rate": 0.06972055491159954
    },
    "CVX": {
        "return_rate": 0.006571017068534694
    },
    "HAS": {
        "return_rate": -0.026925121377579377
    },
    "OXY": {
        "return_rate": -0.010344728253953302
    },
    "EL": {
        "return_rate": 0.003875528730469174
    },
    "APA": {
        "return_rate": 0.013766176022556665
    },
    "DVN": {
        "return_rate": -0.017134809880187545
    },
    "NEM": {
        "return_rate": -0.02179588546234313
    },
    "HUBB": {
        "return_rate": -0.010677032814528524
    },
    "FOX": {
        "return_rate": -0.007442446380227987
    },
    "DGX": {
        "return_rate": 0.02940701515581972
    },
    "CTRA": {
        "return_rate": 0.007027735629211915
    },
    "EW": {
        "return_rate": -0.003929692634875234
    },
    "CVS": {
        "return_rate": 0.010627941948451437
    },
    "CTAS": {
        "return_rate": -0.0011815065214973975
    },
    "EIX": {
        "return_rate": -0.006295081671945253
    },
    "SBAC": {
        "return_rate": 0.0020737324572100584
    },
    "PARA": {
        "return_rate": -0.0053460136984709705
    },
    "GM": {
        "return_rate": 0.0035327098630247257
    },
    "IEX": {
        "return_rate": 0.005048037723680035
    },
    "CTVA": {
        "return_rate": 0.03380914194528111
    },
    "EMR": {
        "return_rate": 0.011335518235533294
    },
    "PEP": {
        "return_rate": 0.0012817457928137523
    },
    "HST": {
        "return_rate": -0.0032190212274407267
    },
    "FRT": {
        "return_rate": 0.0017872490884952245
    },
    "BLK": {
        "return_rate": -0.0027387467960914963
    },
    "ZBH": {
        "return_rate": -0.03186334158310069
    },
    "V": {
        "return_rate": -0.009980923295532722
    },
    "HAL": {
        "return_rate": 0.032456215745896154
    },
    "DVA": {
        "return_rate": 0.010806540749911634
    },
    "EQT": {
        "return_rate": -0.017534756304320668
    },
    "LHX": {
        "return_rate": 0.0026032256555376604
    },
    "BIIB": {
        "return_rate": -0.018535926915218794
    },
    "ADM": {
        "return_rate": 0.015116896654313402
    },
    "ALB": {
        "return_rate": 0.005070562886814727
    },
    "HPQ": {
        "return_rate": -0.004646357658754851
    },
    "MRNA": {
        "return_rate": -0.002695439961623655
    },
    "UNP": {
        "return_rate": -0.014090582962333651
    },
    "AEE": {
        "return_rate": 0.009317979961668511
    },
    "MOH": {
        "return_rate": 0.012209692944689892
    },
    "APD": {
        "return_rate": -0.002212182795044587
    },
    "CHD": {
        "return_rate": 0.008190158622148728
    },
    "FLT.V": {
        "return_rate": -0.015428946367349811
    },
    "AWK": {
        "return_rate": -0.005450289335116299
    },
    "NEE": {
        "return_rate": 0.015342936332857474
    },
    "PFE": {
        "return_rate": 0.015997920482874725
    },
    "NDSN": {
        "return_rate": -0.0033615906005346236
    },
    "PANW": {
        "return_rate": 0.0010200811148164013
    },
    "CHRW": {
        "return_rate": -0.015254019748782623
    },
    "GILD": {
        "return_rate": 0.009828055155346186
    },
    "GE": {
        "return_rate": 0.018332638430036782
    },
    "MO": {
        "return_rate": 0.007170022823815166
    },
    "MPC": {
        "return_rate": 0.00311227581166791
    },
    "FOXA": {
        "return_rate": -0.009505110237685896
    },
    "PAYC": {
        "return_rate": -0.011729455220783704
    },
    "KEY": {
        "return_rate": 0.02962484092054424
    },
    "AES": {
        "return_rate": 0.04863214446744332
    },
    "NFLX": {
        "return_rate": -0.03481974045605457
    },
    "QRVO": {
        "return_rate": -0.0039266749933142935
    },
    "BMY": {
        "return_rate": -0.004882649086791562
    },
    "PG": {
        "return_rate": -0.010354380602285074
    },
    "IBM": {
        "return_rate": -0.004976760188594564
    },
    "NI": {
        "return_rate": -0.011999995518575087
    },
    "KEYS": {
        "return_rate": 0.007154511242378049
    },
    "XRAY": {
        "return_rate": 0.014442658944822759
    },
    "VTR": {
        "return_rate": -0.002315315519812358
    },
    "HUM": {
        "return_rate": 0.016392916790219723
    },
    "MPWR": {
        "return_rate": 0.010170341169401789
    },
    "DG": {
        "return_rate": -0.010803806475985918
    },
    "PAYX": {
        "return_rate": 0.0321693701663125
    },
    "MMC": {
        "return_rate": -0.015175279626200001
    }
}